State,County_Name,County_Website_URL,Health_Department_Name,Health_Department_Contact_Email,Health_Department_Contact_Phone,Program_Name,Program_Category,Program_Description,Target_Population,Eligibility_Requirements,Application_Process,Required_Documentation,Financial_Assistance_Available,Program_Website_URL,Last_Updated,Data_Collector_Name,Notes
California,Alameda,https://www.acgov.org/,Not found,Not found,Not found,ACGOV Cares,Other,"Volunteer opportunities, employee stories, donation options and more.",Community members,Not specified,Not specified,Not specified,Unknown,https://acgovcares.alamedacountyca.gov/,2025-12-02,Swindar,Only one healthcare-related program found.
California,Alpine,https://www.alpinecountyca.gov/,Health Department,Not found,Not found,Behavioral Health Services,Mental Health,Services aimed at improving mental health and providing support for individuals with behavioral health issues.,Individuals with mental health needs,Not specified,Not specified,Not specified,Unknown,https://alpinecountyca.gov/192/Behavioral-Health-Services,2025-12-02,Swindar,Only one healthcare program was explicitly mentioned.
California,Butte,https://www.buttecounty.net/,Health and Human Services,Not found,Not found,No programs found on main page,,,,,,,,,2025-12-02,Swindar,No specific healthcare programs were detailed in the provided content.
California,Calaveras,https://www.calaverasgov.us/,Health and Human Services,Not found,Not found,Behavioral Health Services,Mental Health,Provides mental health services to individuals and families.,Individuals and families in need of mental health support,Not specified,Not specified,Not specified,Unknown,https://behavioralhealth.calaverasgov.us/,2025-12-02,Swindar,Extracted programs are based on available links and descriptions from the county website.
California,Calaveras,https://www.calaverasgov.us/,Health and Human Services,Not found,Not found,Public Health,Other,Offers various public health services including immunizations and health education.,General public,Not specified,Not specified,Not specified,Unknown,https://publichealth.calaverasgov.us/,2025-12-02,Swindar,Extracted programs are based on available links and descriptions from the county website.
California,Calaveras,https://www.calaverasgov.us/,Health and Human Services,Not found,Not found,Social Services,Other,Provides assistance and support services to individuals and families in need.,Individuals and families in need of social services,Not specified,Not specified,Not specified,Unknown,https://socialservices.calaverasgov.us/,2025-12-02,Swindar,Extracted programs are based on available links and descriptions from the county website.
California,Calaveras,https://www.calaverasgov.us/,Health and Human Services,Not found,Not found,Veterans Services,Other,Offers services and support for veterans and their families.,Veterans and their families,Not specified,Not specified,Not specified,Unknown,https://veteranservices.calaverasgov.us/,2025-12-02,Swindar,Extracted programs are based on available links and descriptions from the county website.
California,Calaveras,https://www.calaverasgov.us/,Health and Human Services,Not found,Not found,Victim Services,Other,Provides support and resources for victims of crime.,Victims of crime,Not specified,Not specified,Not specified,Unknown,https://victimservices.calaverasgov.us/,2025-12-02,Swindar,Extracted programs are based on available links and descriptions from the county website.
California,Colusa,https://www.countyofcolusa.org/,Not found,Not found,Not found,No programs found on main page,,,,,,,,,2025-12-02,Swindar,No healthcare programs or services were found on the website.
California,Contra Costa,https://www.contracosta.ca.gov/,Health & Human Services,Not found,Not found,Medi-Cal Enrollment,Other,Contra Costa County is urging uninsured undocumented adults to sign up for Medi-Cal this year 2025.,Uninsured undocumented adults,Not specified,Not specified,Not specified,Yes,Not found,2025-12-02,Swindar,Extracted programs related to healthcare from the website content.
California,Contra Costa,https://www.contracosta.ca.gov/,Health & Human Services,Not found,Not found,CalFresh,Other,November benefits are loaded to EBT cards for Contra Costa County residents who get CalFresh.,Residents receiving CalFresh,Not specified,Not specified,Not specified,Yes,Not found,2025-12-02,Swindar,Extracted programs related to healthcare from the website content.
California,Glenn,https://www.countyofglenn.net/,Glenn County Health and Human Services Agency,Not found,Not found,CalFresh,Other,CalFresh provides food assistance to eligible households in Glenn County.,Low-income households,Not specified,Not specified,Not specified,Yes,Not found,2025-12-02,Swindar,Extracted programs are based on available information; some details are not specified.
California,Glenn,https://www.countyofglenn.net/,Glenn County Health and Human Services Agency,Not found,Not found,Fentanyl Poisoning Response Task Force,Substance Abuse,A task force addressing the Fentanyl crisis in Glenn County.,Residents affected by substance use disorders,Not specified,Not specified,Not specified,Unknown,https://www.countyofglenn.net/substance-use-disorders-services/fentanyl-poisoning-response-task-force,2025-12-02,Swindar,Extracted programs are based on available information; some details are not specified.
California,Inyo,https://www.inyocounty.us/,Health & Human Services,Not found,Not found,Public Health Clinic,Other,Provides various health services to the community.,General public,Not specified,Not specified,Not specified,Unknown,https://www.inyocounty.us/public-health-clinic,2025-12-02,Swindar,Only one healthcare program was explicitly mentioned.
California,Lake,https://www.lakecountyca.gov/,Lake County Behavioral Health Services,Not found,Not found,Friday Night Live Youth Empowerment Program,Other,Stands Against Underage Drinking in Lake County.,Youth,Not specified,Not specified,Not specified,No,Not found,2025-12-02,Swindar,Extracted programs focus on mental health and substance abuse services.
California,Lake,https://www.lakecountyca.gov/,Lake County Behavioral Health Services,Not found,Not found,"Community Assistance, Recovery, and Empowerment (CARE) Court",Mental Health,Assists Individuals with Severe Mental Health Challenges.,Individuals with severe mental health challenges,Not specified,Not specified,Not specified,Unknown,Not found,2025-12-02,Swindar,Extracted programs focus on mental health and substance abuse services.
California,Lake,https://www.lakecountyca.gov/,Lake County Behavioral Health Services,Not found,Not found,Addressing Opioid Crisis,Substance Abuse,Funds innovative programs aimed at reducing opioid-related harm.,Individuals and families affected by substance use disorders,Not specified,Not specified,Not specified,Unknown,Not found,2025-12-02,Swindar,Extracted programs focus on mental health and substance abuse services.
California,Lassen,https://www.lassencounty.org/,Behavioral Health,Not found,Not found,Suicide and Crisis Lifeline,Mental Health,988 is the new three digit code for the Suicide and Crisis Lifeline.,Individuals in crisis or need of mental health support,Not specified,Not specified,Not specified,Unknown,https://www.lassencounty.org/government/news/behavioral-health/20220802-988-new-three-digit-code-suicide-and-crisis-lifeline,2025-12-02,Swindar,Only one healthcare program related to mental health was found.
California,Los Angeles,https://www.lacounty.gov/,Not found,Not found,Not found,No programs found on main page,,,,,,,,,2025-12-02,Swindar,No specific healthcare programs were mentioned in the provided content.
California,Marin,https://www.marincounty.org/,Not found,Not found,Not found,Public Health Officer Guidance on Vaccines and Autism,Other,Statement comes in response to recent misinformation from the Centers for Disease Control and Prevention.,General public,Not specified,Not specified,Not specified,Not specified,https://www.marincounty.org/news-releases/public-health-officer-reaffirms-science-based-guidance-vaccines-and-autism,2025-12-02,Swindar,"Duplicate health-related links were found, but only unique programs are listed."
California,Marin,https://www.marincounty.org/,Not found,Not found,Not found,Community Needs Addressed with New County Program,Other,Board of Supervisors allocate $1.65 million that support top priorities.,Community members,Not specified,Not specified,Not specified,Not specified,Not found,2025-12-02,Swindar,"Duplicate health-related links were found, but only unique programs are listed."
California,Mariposa,https://www.mariposacounty.org/,Not found,Not found,Not found,No programs found on main page,,,,,,,,,2025-12-02,Swindar,No specific healthcare programs mentioned on the website.
California,Merced,https://www.co.merced.ca.us/,Merced County Department of Public Health,Not found,Not found,Child Safety Seat Education Program,Other,A program aimed at educating parents and caregivers about the importance of child safety seats to ensure safe travel for children.,Parents and caregivers of young children,Not specified,Not specified,Not specified,Yes,Not found,2025-12-02,Swindar,Extracted programs include those specifically mentioned in the website content.
California,Merced,https://www.co.merced.ca.us/,Merced County Department of Public Health,Not found,Not found,Behavioral Health & Recovery Services,Mental Health,Services aimed at providing mental health support and recovery services to individuals in need.,Individuals experiencing mental health challenges,Not specified,Not specified,Not specified,Unknown,https://www.co.merced.ca.us/74,2025-12-02,Swindar,Extracted programs include those specifically mentioned in the website content.
California,Merced,https://www.co.merced.ca.us/,Merced County Department of Public Health,Not found,Not found,Public Health Services,Other,A range of public health services aimed at promoting health and preventing disease in the community.,General public,Not specified,Not specified,Not specified,Unknown,https://www.co.merced.ca.us/78,2025-12-02,Swindar,Extracted programs include those specifically mentioned in the website content.
California,Modoc,https://www.co.modoc.ca.us/,Not found,Not found,Not found,No programs found on main page,,,,,,,,,2025-12-02,Swindar,No healthcare programs or services were found on the website.
California,Mono,https://monocounty.ca.gov/,Not found,Not found,Not found,No programs found on main page,,,,,,,,,2025-12-02,Swindar,No specific healthcare programs mentioned on the website.
California,Napa,https://www.countyofnapa.org/,Not found,Not found,Not found,"Medical, Food or cash assistance",Other,"Assistance programs providing medical, food, or cash support to eligible individuals.","Individuals in need of medical, food, or financial assistance",Not specified,Not specified,Not specified,Yes,Not found,2025-12-02,Swindar,Extracted programs are based on available links and descriptions from the website content.
California,Napa,https://www.countyofnapa.org/,Not found,Not found,Not found,Veterans Services,Other,Services provided to veterans to assist with various needs.,Veterans,Not specified,Not specified,Not specified,Unknown,https://www.countyofnapa.org/203/Veterans-Services,2025-12-02,Swindar,Extracted programs are based on available links and descriptions from the website content.
California,Napa,https://www.countyofnapa.org/,Not found,Not found,Not found,Adult Protective Services,Other,Services aimed at protecting vulnerable adults from abuse and neglect.,Vulnerable adults,Not specified,Not specified,Not specified,Unknown,https://www.countyofnapa.org/185/Adult-Protective-Services,2025-12-02,Swindar,Extracted programs are based on available links and descriptions from the website content.
California,Nevada,https://www.mynevadacounty.com/,Not found,Not found,Not found,CalFresh - Food Assistance,Other,CalFresh provides food assistance to eligible individuals and families.,Low-income individuals and families,Not specified,Not specified,Not specified,Yes,https://www.mynevadacounty.com/892/CalFresh---Food-Assistance,2025-12-02,Swindar,No specific health department information found.
California,Nevada,https://www.mynevadacounty.com/,Not found,Not found,Not found,In-Home Supportive Services (IHSS),Other,"IHSS provides assistance to individuals who are elderly, blind, or disabled to help them remain in their homes.","Elderly, blind, or disabled individuals",Not specified,Not specified,Not specified,Yes,https://www.mynevadacounty.com/984/In-Home-Supportive-Services-IHSS,2025-12-02,Swindar,No specific health department information found.
California,Nevada,https://www.mynevadacounty.com/,Not found,Not found,Not found,Medi-Cal and Healthcare Services,Other,Medi-Cal provides health coverage for low-income individuals and families.,Low-income individuals and families,Not specified,Not specified,Not specified,Yes,https://www.mynevadacounty.com/3514/Medi-Cal-and-Healthcare-Services,2025-12-02,Swindar,No specific health department information found.
California,Nevada,https://www.mynevadacounty.com/,Not found,Not found,Not found,Veterans Services,Other,Veterans Services provides assistance and resources for veterans and their families.,Veterans and their families,Not specified,Not specified,Not specified,Unknown,https://www.mynevadacounty.com/976/Veterans-Services,2025-12-02,Swindar,No specific health department information found.
California,Orange,https://www.ocgov.com/,Not found,Not found,Not found,Restaurant Meals Program,Other,"The Restaurant Meals Program allows eligible homeless, disabled, and/or elderly individuals to purchase meals at participating restaurants.","Homeless, disabled, and elderly individuals",Not specified,Not specified,Not specified,Yes,Not found,2025-12-02,Swindar,Extracted programs include those related to mental health and support services for vulnerable populations.
California,Orange,https://www.ocgov.com/,Not found,Not found,Not found,Stigma Free OC,Mental Health,Stigma Free OC is a movement that aims to stamp out stigma around mental health issues.,General public,Not specified,Not specified,Not specified,No,http://www.StigmaFreeOC.com,2025-12-02,Swindar,Extracted programs include those related to mental health and support services for vulnerable populations.
California,Orange,https://www.ocgov.com/,Not found,Not found,Not found,IHSS Advisory Committee,Other,The IHSS Advisory Committee provides input and recommendations regarding In-Home Supportive Services.,Current and past IHSS recipients,Not specified,Not specified,Not specified,No,https://www.ocihsspa.com/advisory-committee,2025-12-02,Swindar,Extracted programs include those related to mental health and support services for vulnerable populations.
California,Placer,https://www.placer.ca.gov/,Health and Human Services,Not found,Not found,Free Tax Prep Program,Other,Community volunteers are needed to assist with tax preparation for residents.,Residents needing tax assistance,Not specified,Not specified,Not specified,Unknown,https://www.placer.ca.gov/10527/Volunteers-needed-for-tax-assistance-pro,2025-12-02,Swindar,"Extracted programs focus on community assistance and holiday donations, with limited details available."
California,Placer,https://www.placer.ca.gov/,Health and Human Services,Not found,Not found,Holiday Donation Opportunities,Other,Health and Human Services highlights donation opportunities for children and animals in need during the holiday season.,Children and animals in need,Not specified,Not specified,Not specified,Unknown,https://www.placer.ca.gov/10537/Health-and-Human-Services-team-shares-ho,2025-12-02,Swindar,"Extracted programs focus on community assistance and holiday donations, with limited details available."
California,Plumas,https://www.plumascounty.us/,Not found,Not found,Not found,Child Support Services,Other,Provides assistance with child support enforcement and collection.,Parents and guardians seeking child support.,Not specified,Not specified,Not specified,No,https://www.plumascounty.us/78/Child-Support-Services,2025-12-02,Swindar,All healthcare programs extracted from the provided content.
California,Plumas,https://www.plumascounty.us/,Not found,Not found,Not found,Environmental Health,Other,Oversees public health and safety through environmental regulations.,General public and businesses.,Not specified,Not specified,Not specified,No,https://www.plumascounty.us/174/Environmental-Health,2025-12-02,Swindar,All healthcare programs extracted from the provided content.
California,Plumas,https://www.plumascounty.us/,Not found,Not found,Not found,Social Services,Other,Offers various social services to assist residents in need.,Low-income individuals and families.,Not specified,Not specified,Not specified,Yes,https://www.plumascounty.us/94/Social-Services,2025-12-02,Swindar,All healthcare programs extracted from the provided content.
California,Plumas,https://www.plumascounty.us/,Not found,Not found,Not found,Behavioral Health,Mental Health,Provides mental health services and support.,Individuals with mental health needs.,Not specified,Not specified,Not specified,Yes,https://www.plumascounty.us/87/Behavioral-Health,2025-12-02,Swindar,All healthcare programs extracted from the provided content.
California,Plumas,https://www.plumascounty.us/,Not found,Not found,Not found,Substance Use Disorder Services,Substance Abuse,Offers support and treatment for substance use disorders.,Individuals struggling with substance use.,Not specified,Not specified,Not specified,Yes,https://www.plumascounty.us/2664/Substance-Use-Disorder-Services,2025-12-02,Swindar,All healthcare programs extracted from the provided content.
California,Plumas,https://www.plumascounty.us/,Not found,Not found,Not found,Victim/Witness Assistance Program,Other,Provides support and resources for victims and witnesses of crimes.,Victims and witnesses of crime.,Not specified,Not specified,Not specified,Unknown,https://www.plumascounty.us/3015/VictimWitness-Assistance-Program,2025-12-02,Swindar,All healthcare programs extracted from the provided content.
California,Riverside,https://www.rivco.org/,Health and Hospital Services,Not found,Not found,No programs found on main page,,,,,,,,,2025-12-02,Swindar,No specific healthcare programs were detailed in the provided content.
California,Sacramento,https://www.saccounty.net/,Not found,Not found,Not found,IHSS Public Authority,Other,IHSS Public Authority assists recipients and providers within the IHSS program.,Recipients and providers of In-Home Supportive Services,Not specified,Not specified,Not specified,Unknown,Not found,2025-12-02,Swindar,Only two healthcare-related programs were found.
California,Sacramento,https://www.saccounty.net/,Not found,Not found,Not found,Child Support Services,Other,"Open a case, obtain payment information, access case information and more.",Individuals needing child support assistance,Not specified,Not specified,Not specified,Unknown,https://childsupportservices.saccounty.gov/,2025-12-02,Swindar,Only two healthcare-related programs were found.
California,San Bernardino,https://www.sbcounty.gov/,Health and Human Services,Not found,Not found,Aging and Adult Services,Other,Provides services to support the health and well-being of older adults and individuals with disabilities.,Older adults and individuals with disabilities,Not specified,Not specified,Not specified,Unknown,http://hss.sbcounty.gov/daas,2025-12-02,Swindar,Extracted programs from the Health and Human Services section of the website.
California,San Bernardino,https://www.sbcounty.gov/,Health and Human Services,Not found,Not found,Animal Care,Other,Offers services related to the care and adoption of animals.,Pets and pet owners,Not specified,Not specified,Not specified,Unknown,https://animalcare.sbcounty.gov/,2025-12-02,Swindar,Extracted programs from the Health and Human Services section of the website.
California,San Bernardino,https://www.sbcounty.gov/,Health and Human Services,Not found,Not found,Arrowhead Regional Medical Center,Emergency Services,Provides comprehensive healthcare services including emergency care.,General public,Not specified,Not specified,Not specified,Yes,https://www.arrowheadregional.org/,2025-12-02,Swindar,Extracted programs from the Health and Human Services section of the website.
California,San Bernardino,https://www.sbcounty.gov/,Health and Human Services,Not found,Not found,Behavioral Health,Mental Health,Offers mental health services and support for individuals in need.,Individuals with mental health needs,Not specified,Not specified,Not specified,Unknown,http://wp.sbcounty.gov/dbh/,2025-12-02,Swindar,Extracted programs from the Health and Human Services section of the website.
California,San Bernardino,https://www.sbcounty.gov/,Health and Human Services,Not found,Not found,Child Support Services,Other,Provides services to ensure children receive financial support from non-custodial parents.,Children and custodial parents,Not specified,Not specified,Not specified,No,http://wp.sbcounty.gov/dcss/,2025-12-02,Swindar,Extracted programs from the Health and Human Services section of the website.
California,San Bernardino,https://www.sbcounty.gov/,Health and Human Services,Not found,Not found,Children and Family Services,Other,Offers services to support the welfare of children and families.,Children and families,Not specified,Not specified,Not specified,Unknown,https://cfs.sbcounty.gov/,2025-12-02,Swindar,Extracted programs from the Health and Human Services section of the website.
California,San Bernardino,https://www.sbcounty.gov/,Health and Human Services,Not found,Not found,Public Health,Immunization,Provides public health services including immunizations and health education.,General public,Not specified,Not specified,Not specified,Unknown,Not found,2025-12-02,Swindar,Extracted programs from the Health and Human Services section of the website.
California,San Diego,https://www.sandiegocounty.gov/,Health & Human Services Agency,Not found,Not found,Aging & Independence Services,Other,Provides services and support for older adults and individuals with disabilities.,Older adults and individuals with disabilities,Not specified,Not specified,Not specified,Unknown,https://www.sandiegocounty.gov/content/sdc/hhsa/programs/ais.html,2025-12-02,Swindar,Extracted programs based on available links and descriptions from the website.
California,San Diego,https://www.sandiegocounty.gov/,Health & Human Services Agency,Not found,Not found,Behavioral Health Services,Mental Health | Substance Abuse,Offers mental health and substance use services to individuals in need.,Individuals with mental health and substance use issues,Not specified,Not specified,Not specified,Unknown,https://www.sandiegocounty.gov/content/sdc/hhsa/programs/bhs.html,2025-12-02,Swindar,Extracted programs based on available links and descriptions from the website.
California,San Diego,https://www.sandiegocounty.gov/,Health & Human Services Agency,Not found,Not found,Child Welfare Services,Other,Provides services to ensure the safety and well-being of children.,Children and families,Not specified,Not specified,Not specified,Unknown,https://www.sandiegocounty.gov/content/sdc/hhsa/programs/cs/child_welfare_services.html,2025-12-02,Swindar,Extracted programs based on available links and descriptions from the website.
California,San Diego,https://www.sandiegocounty.gov/,Health & Human Services Agency,Not found,Not found,Child Support Services,Other,Helps parents establish and collect child support.,Parents and children,Not specified,Not specified,Not specified,Unknown,https://www.sandiegocounty.gov/content/sdc/dcss.html,2025-12-02,Swindar,Extracted programs based on available links and descriptions from the website.
California,San Diego,https://www.sandiegocounty.gov/,Health & Human Services Agency,Not found,Not found,County Medical Services,Primary Care,Provides medical services to low-income individuals.,Low-income individuals,Not specified,Not specified,Not specified,Yes,Not found,2025-12-02,Swindar,Extracted programs based on available links and descriptions from the website.
California,San Diego,https://www.sandiegocounty.gov/,Health & Human Services Agency,Not found,Not found,In-Home Supportive Services,Other,Offers assistance to individuals who need help with daily activities.,Individuals needing assistance with daily activities,Not specified,Not specified,Not specified,Unknown,Not found,2025-12-02,Swindar,Extracted programs based on available links and descriptions from the website.
California,San Diego,https://www.sandiegocounty.gov/,Health & Human Services Agency,Not found,Not found,Medical Care Services,Primary Care,Provides comprehensive medical care to eligible individuals.,Eligible individuals,Not specified,Not specified,Not specified,Yes,https://www.sandiegocounty.gov/content/sdc/hhsa/programs/mcsd.html,2025-12-02,Swindar,Extracted programs based on available links and descriptions from the website.
California,San Diego,https://www.sandiegocounty.gov/,Health & Human Services Agency,Not found,Not found,Public Health,Other,Focuses on promoting health and preventing disease in the community.,General public,Not specified,Not specified,Not specified,Unknown,Not found,2025-12-02,Swindar,Extracted programs based on available links and descriptions from the website.
California,San Francisco,https://sf.gov/,Not found,Not found,Not found,No programs found on main page,,,,,,,,,2025-12-02,Swindar,No specific healthcare programs were mentioned in the provided content.
California,San Joaquin,https://www.sjgov.org/,Not found,Not found,Not found,Behavioral Health Services,Mental Health,Provides mental health services to individuals in need.,Individuals requiring mental health support,Not specified,Not specified,Not specified,Unknown,Not found,2025-12-02,Swindar,Only one healthcare program related to mental health was identified.
California,San Luis Obispo,https://www.slocounty.ca.gov/,Health Agency,Not found,Not found,COVID-19 Vaccination,Immunization,Updated COVID-19 vaccines are offered across San Luis Obispo County to protect the community.,Residents of San Luis Obispo County,Not specified,Not specified,Not specified,Unknown,Not found,2025-12-02,Swindar,Only one healthcare program related to vaccination was found.
California,San Mateo,https://www.smcgov.org/,Not found,Not found,Not found,On Site Benefits Assistance,Other,Assistance with benefits available at Ca√±ada College.,Students and community members seeking benefits assistance,Not specified,Not specified,Not specified,Unknown,https://www.smcgov.org/hsa/event/site-benefits-assistance-canada-college,2025-12-02,Swindar,No specific health department information found.
California,San Mateo,https://www.smcgov.org/,Not found,Not found,Not found,Public Assistance Programs Application Event,Other,Event to assist with applications for public assistance programs.,Residents of South San Francisco,Not specified,Not specified,Not specified,Unknown,https://www.smcgov.org/hsa/event/public-assistance-programs-application-event-city-south-san-francisco,2025-12-02,Swindar,No specific health department information found.
California,Santa Barbara,https://www.countyofsb.org/,Not found,Not found,Not found,No programs found on main page,,,,,,,,,2025-12-02,Swindar,No healthcare programs or services found on the website.
California,Santa Clara,https://www.sccgov.org/,Santa Clara Valley Healthcare,Not found,Not found,COMPASS Clinic,Substance Abuse,New COMPASS Clinic opens at Valley Health Center Moorpark to offer state of the art substance use treatment services for adults living in Santa Clara County.,Adults facing substance use challenges,Not specified,Not specified,Not specified,Unknown,Not found,2025-12-02,Swindar,Extracted programs focus on substance use treatment and health promotion for specific populations.
California,Santa Clara,https://www.sccgov.org/,Santa Clara Valley Healthcare,Not found,Not found,Binational Health Week,Other,The 21st Binational Health Week in October will include a series of health education and health promotion events to help improve the health and well-being of underserved Latino populations.,Underserved Latino populations,Not specified,Not specified,Not specified,Unknown,https://publichealth.santaclaracounty.gov/get-involved/community-organizations/binational-health-week,2025-12-02,Swindar,Extracted programs focus on substance use treatment and health promotion for specific populations.
California,Santa Clara,https://www.sccgov.org/,Santa Clara Valley Healthcare,Not found,Not found,Valley Health Center North County,Primary Care,The new Valley Health Center North County provides quality health services like urgent care and primary care without long waits.,General public,Not specified,Not specified,Not specified,Unknown,Not found,2025-12-02,Swindar,Extracted programs focus on substance use treatment and health promotion for specific populations.
California,Santa Cruz,https://www.santacruzcounty.us/,Not found,Not found,Not found,Homelessness Response,Other,"Learn more about local homelessness response, including the Strategic Framework for Addressing Homelessness and the Rehousing Wave.",Individuals experiencing homelessness,Not specified,Not specified,Not specified,Unknown,Not found,2025-12-02,Swindar,Extracted programs are limited to those explicitly mentioned in the website content.
California,Santa Cruz,https://www.santacruzcounty.us/,Not found,Not found,Not found,Apply for Benefits,Other,"Nearly one-third of county residents depend on public assistance. Check eligibility for medical, food or cash assistance.",County residents in need of assistance,Not specified,Click here to see if you or your family are eligible,Not specified,Yes,Not found,2025-12-02,Swindar,Extracted programs are limited to those explicitly mentioned in the website content.
California,Sierra,https://www.sierracounty.ca.gov/,Not found,Not found,Not found,"WIC (Women, Infants and Children)",Maternal Health,"Provides nutritional support and education for women, infants, and children.","Women, infants, and children",Not specified,Not specified,Not specified,Yes,Not found,2025-12-02,Swindar,Extracted programs from the calendar events; some details are not specified.
California,Sierra,https://www.sierracounty.ca.gov/,Not found,Not found,Not found,Public Health Outreach Van w/ Immunization,Immunization,Offers immunization services to the community through outreach events.,General public,Not specified,Not specified,Not specified,Unknown,Not found,2025-12-02,Swindar,Extracted programs from the calendar events; some details are not specified.
California,Siskiyou,https://www.co.siskiyou.ca.us/,Not found,Not found,Not found,Behavioral Health Board,Mental Health,The Behavioral Health Board focuses on improving mental health services in Siskiyou County.,Individuals with mental health needs,Not specified,Not specified,Not specified,Unknown,https://www.co.siskiyou.ca.us/bhb/page/behavioral-heatlh-board-december,2025-12-02,Swindar,Only two healthcare-related programs were identified on the website.
California,Siskiyou,https://www.co.siskiyou.ca.us/,Not found,Not found,Not found,Quality Improvement and Cultural Competence Committee,Mental Health,This committee aims to enhance the quality of mental health services and ensure cultural competence.,Individuals receiving mental health services,Not specified,Not specified,Not specified,Unknown,https://www.co.siskiyou.ca.us/behavioralhealth/page/quality-improvement-and-cultural-competence-committee-meeting,2025-12-02,Swindar,Only two healthcare-related programs were identified on the website.
California,Solano,https://www.solanocounty.com/,Department of Health and Social Services,Not found,Not found,Community Health Needs Assessment Survey,Other,A survey to gather input on health needs in the community to shape future programs.,Residents of Solano County,Not specified,Not specified,Not specified,No,https://www.solanocounty.com/government/health-social-services-hss/behavioral-health/behavioral-health-services-act-bhsa/community-health-needs-assessment-survey,2025-12-02,Swindar,Extracted programs are based on the available information from the website content.
California,Solano,https://www.solanocounty.com/,Department of Health and Social Services,Not found,Not found,Alert Solano,Emergency Services,A public outreach campaign for an emergency notification system that sends alerts during critical events.,Residents of Solano County,Not specified,Residents are encouraged to sign up.,Not specified,No,https://www.solanocounty.com/government/office-emergency-services/alert-solano,2025-12-02,Swindar,Extracted programs are based on the available information from the website content.
California,Solano,https://www.solanocounty.com/,Department of Health and Social Services,Not found,Not found,Public Health Holiday Food Safety Tips,Other,Guidance on food safety practices during the holiday season to prevent illness.,Residents of Solano County,Not specified,Not specified,Not specified,No,Not found,2025-12-02,Swindar,Extracted programs are based on the available information from the website content.
California,Sonoma,https://sonomacounty.ca.gov/,Department of Health Services,Not found,Not found,Animal Services,Other,Provides services related to animal control and welfare.,Residents of Sonoma County,Not specified,Not specified,Not specified,Unknown,https://sonomacounty.ca.gov/health-and-human-services/health-services/divisions/public-health/animal-services,2025-12-02,Swindar,"Extracted programs include animal services, a centralized service directory, and health vending machines."
California,Sonoma,https://sonomacounty.ca.gov/,Department of Health Services,Not found,Not found,Open Doors,Other,A centralized online directory that helps residents access vital services including health care.,Residents of Sonoma County,Not specified,Visit OpenDoorsSC.com,Not specified,Unknown,https://OpenDoorsSC.com,2025-12-02,Swindar,"Extracted programs include animal services, a centralized service directory, and health vending machines."
California,Sonoma,https://sonomacounty.ca.gov/,Department of Health Services,Not found,Not found,Health To Go Vending Machines,Other,Vending machines that provide health-related products and services.,Residents of Sonoma County,Not specified,Not specified,Not specified,Unknown,Not found,2025-12-02,Swindar,"Extracted programs include animal services, a centralized service directory, and health vending machines."
California,Stanislaus,https://www.stancounty.com/,Not found,Not found,Not found,CalFresh,Other,CalFresh provides food assistance to eligible residents.,Residents of Stanislaus County who meet eligibility requirements.,Not specified,Not specified,Not specified,Yes,Not found,2025-12-02,Swindar,"Only one healthcare-related program was mentioned, which is CalFresh."
California,Tehama,https://www.co.tehama.ca.us/,Not found,Not found,Not found,ADA Coordinator,Other,Provides assistance and support for individuals with disabilities.,Individuals with disabilities,Not specified,Not specified,Not specified,Unknown,https://www.tehama.gov/county-services/assistance-support/ada-coordinator/,2025-12-02,Swindar,Limited healthcare program information found; primarily focused on ADA and marriage services.
California,Tehama,https://www.co.tehama.ca.us/,Not found,Not found,Not found,Marriage Services,Other,Offers services related to marriage licenses and ceremonies.,Couples seeking marriage services,Not specified,Not specified,Not specified,No,https://www.tehama.gov/government/departments/clerk-and-recorder/marriage-services/,2025-12-02,Swindar,Limited healthcare program information found; primarily focused on ADA and marriage services.
California,Trinity,https://www.trinitycounty.org/,Trinity County Health and Human Services Agency,Not found,Not found,Child Safety Seat Education,Other,Educating parents and caregivers about the importance of child safety seats and ensuring every child travels safely.,Parents and caregivers of young children,Not specified,Not specified,Not specified,Unknown,Not found,2025-12-02,Swindar,Extracted programs focus on child safety and rabies prevention.
California,Trinity,https://www.trinitycounty.org/,Trinity County Health and Human Services Agency,Not found,Not found,Rabies Vaccination Awareness,Other,Urging pet owners to ensure their dogs and cats are up to date on rabies vaccinations.,Pet owners,Not specified,Not specified,Not specified,No,Not found,2025-12-02,Swindar,Extracted programs focus on child safety and rabies prevention.
California,Tulare,https://tularecounty.ca.gov/,Tulare County Health and Human Services Agency,Not found,Not found,Public Health Emergency Preparedness,Emergency Services,This program focuses on preparing the community for public health emergencies.,General public,Not specified,Not specified,Not specified,No,http://tchhsa.org/eng/public-health/public-health-emergency-preparedness-phep,2025-12-02,Swindar,Only one healthcare program was found related to public health emergency preparedness.
California,Tuolumne,https://www.tuolumnecounty.ca.gov/,Not found,Not found,Not found,Public Health General Referral Form,Other,A form used for general health referrals within the public health system.,Residents needing health referrals,Not specified,Not specified,Not specified,Unknown,https://www.tuolumnecounty.ca.gov/DocumentCenter/View/26686/Public-Health-General-Referral-Form-final-Jan-2023,2025-12-02,Swindar,No specific health department information found on the website.
California,Tuolumne,https://www.tuolumnecounty.ca.gov/,Not found,Not found,Not found,Tuolumne County Public Health Community Health Needs Assessment Supplement 2023,Other,A supplement to the community health needs assessment providing insights into public health needs.,General public,Not specified,Not specified,Not specified,Unknown,https://www.tuolumnecounty.ca.gov/DocumentCenter/View/26594/TCPH-CHA-Supplement-2023,2025-12-02,Swindar,No specific health department information found on the website.
California,Tuolumne,https://www.tuolumnecounty.ca.gov/,Not found,Not found,Not found,Wildfire Smoke Health Tips,Other,Health tips for residents regarding the effects of wildfire smoke.,Residents affected by wildfires,Not specified,Not specified,Not specified,No,https://www.tuolumnecounty.ca.gov/DocumentCenter/View/19252/Wildfire-Smoke-Health-Tips-from-Tuolumne-County-2018-07,2025-12-02,Swindar,No specific health department information found on the website.
California,Ventura,https://www.ventura.org/,Human Services Agency,Not found,805-654-5000,Medi-Cal,Other,Medi-Cal provides health coverage for low-income individuals and families in California.,Low-income individuals and families,Not specified,Not specified,Not specified,Yes,https://www.ventura.org/human-services-agency/medi-cal/,2025-12-02,Swindar,Extracted programs are limited to those explicitly mentioned on the website.
California,Ventura,https://www.ventura.org/,Human Services Agency,Not found,805-654-5000,Outreach Services,Other,Outreach services provide support and resources to families in need of child support services.,Families in need of child support services,Not specified,Not specified,Not specified,Unknown,https://www.ventura.org/child-support-services/outreach-services/,2025-12-02,Swindar,Extracted programs are limited to those explicitly mentioned on the website.
California,Yuba,https://www.yuba.org/,Not found,Not found,Not found,No programs found on main page,,,,,,,,,2025-12-02,Swindar,No specific healthcare programs mentioned in the provided content.